{"cameraMode":{"drawMode":0,"name":"Shaded","section":"Shading Mode"},"sceneLighting":false,"audioPlay":false,"sceneViewState":{"m_AlwaysRefresh":false,"showFog":true,"showSkybox":false,"showFlares":true,"showImageEffects":true,"showParticleSystems":true,"showVisualEffectGraphs":true,"m_FxEnabled":true},"in2DMode":false,"pivot":{"x":-0.13832098245620728,"y":0.19840717315673829,"z":-0.04197216033935547},"rotation":{"x":0.0016888466197997332,"y":-0.9842866659164429,"z":0.17637653648853303,"w":0.009456772357225418},"size":2.3408877849578859,"orthographic":true}